name,price_min,price_max,remark
ถนนสมเด็จพระปิ่นเกล้า,50000,170000,บางกอกน้อย บางพลัด
ถนนบรมราชชนนีจากสี่แยกพระปิ่นเกล้าถึงคลองบางกอกน้อย,85000,150000,บางกอกน้อย บางพลัด
ถนนบรมราชชนนีจากคลองบางกอกน้อยถึงเขตอำเภอพุทธมณฑล จ.นครปฐม,10000,80000,ทวีวัฒนา ตลิ่งชัน
ถนนสิรินธร,68000,150000,บางพลัด
ถนนจรัญสนิทวงศ์,34000,100000,บางพลัด บางกอกน้อย
ถนนราชวิถี,75000,100000,บางพลัด
ถนนพรานนก,40000,100000,บางกอกน้อย
ถนนอิสรภาพ,60000,85000,บางกอกน้อย
ถนนกาญจนภิเษก,15000,50000,ทวีวัฒนา ตลิ่งชัน
ถนนเจ้าพระยาสยาม,43000,100000,บางพลัด
ถนนอรุณอมรินทร์,43000,100000,บางพลัด บางกอกน้อย
ถนนบางกอกน้อย-ตลิ่งชัน,43000,85000,ตลิ่งชัน
ถนนรุ่งประชา,38000,85000,บางพลัด บางกอกน้อย
ถนนเลียบทางรถไฟ (เข้าวัดสุทธาวาส),23000,40000,ตลิ่งชัน บางกอกน้อย
ถนนฉิมพลี,12000,35000,ตลิ่งชัน
ถนนทุ่งมังกร,14000,30000,ตลิ่งชัน
ถนนชัยพฤกษ์,13000,30000,ตลิ่งชัน
ถนนสวนผัก,8000,30000,ตลิ่งชัน
ถนนอุทยาน,5000,26000,ทวีวัฒนา
ถนนชักพระ,10000,25000,ตลิ่งชัน
ถนนพุทธมณฑลสาย 1,12000,20000,ตลิ่งชัน
ถนนสุขาภิบาล-บางระมาด,8000,20000,ตลิ่งชัน
ถนนลัดวงแหวน-พุทธมณฑลสาย 2,8000,20000,ทวีวัฒนา
ถนนพุทธมณฑลสาย 1 - วัดแก้ว,6000,20000,ตลิ่งชัน
ถนนเลียบคลองทวีวัฒนา,5000,20000,ทวีวัฒนา
ถนนสุขาภิบาล-บางเชือกหนัง,7000,15000,ตลิ่งชัน
ถนนทวีวัฒนา,5000,15000,ทวีวัฒนา
ถนนศาลาธรรมสพน์,4000,15000,ทวีวัฒนา
ซอยจรัญสนิทวงศ์ 51,50000,70000,บางพลัด
ซอยจรัญสนิทวงศ์ 40,30000,70000,บางพลัด
ซอยจรัญสนิทวงศ์ 53,30000,70000,บางพลัด
ซอยจรัญสนิทวงศ์ 31/1,21000,70000,บางกอกน้อย
ซอยจรัญสนิทวงศ์ 33,21000,70000,บางกอกน้อย
ซอยจรัญสนิทวงศ์ 35,21000,70000,บางกอกน้อย ตลิ่งชัน
ซอยจรัญสนิทวงศ์ 37,21000,70000,บางกอกน้อย
ซอยจรัญสนิทวงศ์ 39,21000,70000,บางกอกน้อย
ซอยอุดมทรัพย์,68000,68000,บางกอกน้อย
ซอยพาร์คเลนเทอเรซ,68000,68000,บางพลัด
ซอยพิทักษ์ธรรม,34000,68000,บางพลัด
ซอยพระปิ่น,34000,68000,บางพลัด
ซอยปิ่นทิพย์พิมานเวศน์,30000,60000,บางพลัด
ซอยเทพนครินทร์,30000,60000,บางพลัด
ซอยจรัญสนิทวงศ์ 38,30000,60000,บางกอกน้อย
ซอยจรัญสนิทวงศ์ 41,30000,60000,บางกอกน้อย
ซอยจรัญสนิทวงศ์ 43,30000,60000,บางกอกน้อย
ซอยจรัญสนิทวงศ์ 45,30000,60000,บางกอกน้อย
ซอยจรัญสนิทวงศ์ 47,30000,60000,บางกอกน้อย
ซอยอัศวิน 1,24000,60000,บางกอกน้อย บางพลัด
ซอยอัศวิน 2,24000,60000,บางกอกน้อย บางพลัด
ซอยอัศวิน 3,24000,60000,บางกอกน้อย บางพลัด
ซอยภาวนา,26000,51000,บางกอกน้อย
ซอยจรัญสนิทวงศ์ 18,20000,51000,บางกอกน้อย
ซอยจรัญสนิทวงศ์ 19,20000,51000,บางกอกน้อย
ซอยจรัญสนิทวงศ์ 21,20000,51000,บางกอกน้อย
ซอยจรัญสนิทวงศ์ 23,20000,51000,บางกอกน้อย
ซอยจรัญสนิทวงศ์ 23/1,20000,51000,บางกอกน้อย
ซอยจรัญสนิทวงศ์ 25,20000,51000,บางกอกน้อย
ซอยจรัญสนิทวงศ์ 27,20000,51000,บางกอกน้อย
ซอยจรัญสนิทวงศ์ 29,20000,51000,บางกอกน้อย
ซอยจรัญสนิทวงศ์ 31,20000,51000,บางกอกน้อย
ซอยจรัญสนิทวงศ์ 87,17000,51000,บางพลัด
ซอยจรัญสนิทวงศ์ 87/1,17000,51000,บางพลัด
ซอยจรัญสนิทวงศ์ 89,17000,51000,บางพลัด
ซอยจรัญสนิทวงศ์ 89/1,17000,51000,บางพลัด
ซอยจรัญสนิทวงศ์ 89/2,17000,51000,บางพลัด
ซอยจรัญสนิทวงศ์ 91,17000,51000,บางพลัด
ซอยจรัญสนิทวงศ์ 93,17000,51000,บางพลัด
ซอยจรัญสนิทวงศ์ 95,17000,51000,บางพลัด
ซอยจรัญสนิทวงศ์ 95/1,17000,51000,บางพลัด
ซอยจรัญสนิทวงศ์ 95/2,17000,51000,บางพลัด
ซอยจรัญสนิทวงศ์ 97,17000,51000,บางพลัด
ซอยจรัญสนิทวงศ์ 65,26000,50000,บางพลัด
ซอยวัดศรีสุดาราม,25000,50000,บางกอกน้อย
ซอยอิสรภาพ 37,25000,50000,บางกอกน้อย
ซอยอิสรภาพ 39,25000,50000,บางกอกน้อย
ซอยอิสรภาพ 41,25000,50000,บางกอกน้อย
ซอยอิสรภาพ 43,25000,50000,บางกอกน้อย
ซอยอิสรภาพ 47,25000,50000,บางกอกน้อย
ซอยอิสรภาพ 49,25000,50000,บางกอกน้อย
ซอยเกิดทรัพย์,20000,50000,บางกอกน้อย
ซอยสุวิชาญดำริ,30000,40000,บางพลัด
ซอยวัดวิเศษการ,25000,40000,บางกอกน้อย
ซอยบ้านช่างหล่อ,25000,40000,บางกอกน้อย
ซอยมิตรรุ่งเรืองวิลล่า,35000,35000,ตลิ่งชัน
ซอยปิ่นนคร 4,35000,35000,ตลิ่งชัน
ซอยเติมบุญ,34000,34000,บางกอกน้อย
ซอยสินสมุทร,25000,34000,บางกอกน้อย
ซอยสุดสาคร,25000,34000,บางกอกน้อย
ซอยวัดดาวดึงษาราม,20000,34000,บางพลัด
ซอยวัฒนสุขนิเวศน์,17000,34000,บางกอกน้อย
ซอยปัทมอร,21000,30000,บางกอกน้อย
ซอยอำนวยผล 1,21000,26000,บางกอกน้อย
ซอยอำนวยผล 5,21000,26000,บางกอกน้อย
ซอยอำนวยผล 6,21000,26000,บางกอกน้อย
ซอยอำนวยผล 7,21000,26000,บางกอกน้อย
ซอยอำนวยผล 8,21000,26000,บางกอกน้อย
ซอยอำนวยผล 9,21000,26000,บางกอกน้อย
ซอยเจริญสุข,24000,24000,ตลิ่งชัน
ซอยเงินเงิน,15000,15000,ตลิ่งชัน
ถนนพหลโยธิน,120000,200000,จตุจักร
ถนนวิภาวดีรังสิต,150000,200000,จตุจักร
ถนนรัชดาภิเษก,145000,150000,จตุจักร
ถนนลาดพร้าว,180000,180000,จตุจักร
ถนนงามวงศ์วาน,140000,180000,จตุจักร
ถนนเทศบาลสงเคราะห์,160000,160000,จตุจักร
ถนนเสนานิคม 1 (พหลโยธิน 32),80000,100000,จตุจักร
ถนนสีลม,500000,650000,บางรัก
ถนนพัฒน์พงษ์ 1,550000,550000,บางรัก
ถนนพัฒน์พงษ์ 2,550000,550000,บางรัก
ถนนธนิยะ,400000,550000,บางรัก
ถนนสุรวงศ์,400000,450000,บางรัก
ถนนนราธิวาสราชนครินทร์,400000,450000,บางรัก
ถนนพระราม 4,350000,430000,บางรัก
ถนนสาทรเหนือ,400000,420000,บางรัก
ถนนเจริญกรุง,300000,420000,บางรัก
ถนนศาลาแดง,300000,400000,บางรัก
ถนนเดโช,400000,400000,บางรัก
ถนนคอนแวนต์,400000,400000,บางรัก
ถนนสุรวงศ์เซ็นเตอร์,380000,380000,บางรัก
ถนนปราโมทย์,360000,360000,บางรัก
ถนนมเหสักข์,200000,350000,บางรัก
ถนนอนุมานราชธน,320000,320000,บางรัก
ถนนสุรศักดิ์,300000,300000,บางรัก
ถนนสี่พระยา,280000,300000,บางรัก
ถนนประมวญ,300000,300000,บางรัก
ถนนปั้น,280000,280000,บางรัก
ถนนนเรศ,280000,280000,บางรัก
ถนนมหาพฤฒาราม,270000,270000,บางรัก
ถนนทรัพย์,260000,260000,บางรัก
ถนนจรัสเวียง,260000,260000,บางรัก
ถนนมหานคร,210000,210000,บางรัก
ถนนสว่าง,160000,160000,บางรัก
ถนนกิจพาณิชย์,160000,160000,บางรัก
ถนนสาทรใต้,400000,420000,สาทร
ถนนพระราม 4,330000,330000,สาทร
ถนนเจริญกรุง,320000,320000,สาทร
ถนนนราธิวาสราชนครินทร์,250000,300000,สาทร
ถนนเซนต์หลุยส์ 3,1750000,200000,สาทร
ถนนจันทน์ตัดใหม่,170000,200000,สาทร
ถนนจันทน์,200000,200000,สาทร
ถนนสวนพลู,180000,180000,สาทร
ถนนนางลิ้นจี่,140000,160000,สาทร
ถนนสาธุประดิษฐ์,150000,150000,สาทร
ถนนศรีบำเพ็ญ,120000,150000,สาทร
ถนนเย็นอากาศ,150000,150000,สาทร
ถนนอาคารสงเคราะห์,140000,140000,สาทร
ถนนเจริญราษฏร์,120000,120000,สาทร
ถนนจันทน์เก่า,120000,120000,สาทร
ถนนเชื้อเพลิง,100000,100000,สาทร
ถนนนราธิวาสราชนครินทร์,220000,250000,ยานนาวา
ถนนจันทน์,20000,200000,ยานนาวา
ถนนจันทน์ตัดใหม่,200000,200000,ยานนาวา
ถนนพระรามที่ 3,150000,180000,ยานนาวา
ถนนนางลิ้นจี่,120000,160000,ยานนาวา
ถนนนนทรี,100000,150000,ยานนาวา
ถนนเย็นอากาศ,150000,150000,ยานนาวา
ถนนรัชดาภิเษก,120000,150000,ยานนาวา
ถนนสาธุประดิษฐ์,150000,150000,ยานนาวา
ถนนเชื่อมถนนสาธุประดิษฐ์ - พระรามที่ 3,130000,130000,ยานนาวา
ถนนจันทน์เก่า,120000,120000,ยานนาวา
ถนนเชื้อเพลิง,100000,100000,ยานนาวา
ถนนวงแหวนอุตสาหกรรม,100000,100000,ยานนาวา
ถนนเจริญกรุง,210000,280000,บางคอแหลม
ถนนพระรามที่ 3,200000,200000,บางคอแหลม
ถนนจันทน์,200000,200000,บางคอแหลม
ถนนมไหสวรรย์,180000,180000,บางคอแหลม
ถนนตก,170000,180000,บางคอแหลม
ถนนสาธุประดิษฐ์,150000,150000,บางคอแหลม
ถนนเจริญราษฎร์ (เหนือ - ใต้),120000,150000,บางคอแหลม
ถนนรัชดาภิเษก,120000,120000,บางคอแหลม
ถนนแฉล้มนิมิตร,130000,130000,บางคอแหลม
ถนนประดู่ 1,110000,110000,บางคอแหลม
ถนนเจริญกรุง,360000,420000,ป้อมปราบศัตรูพ่าย
ถนนวรจักร,390000,390000,ป้อมปราบศัตรูพ่าย
ถนนเสือป่า,320000,390000,ป้อมปราบศัตรูพ่าย
ถนนมหาจักร,360000,360000,ป้อมปราบศัตรูพ่าย
ถนนพระราม 4,340000,350000,ป้อมปราบศัตรูพ่าย
ถนนหลวง,320000,350000,ป้อมปราบศัตรูพ่าย
ถนนจึงเจริญพาณิชย์,310000,310000,ป้อมปราบศัตรูพ่าย
ถนนพลับพลาไชย,260000,310000,ป้อมปราบศัตรูพ่าย
ถนนยมราชสุขุม,280000,310000,ป้อมปราบศัตรูพ่าย
ถนนกรุงเกษม,240000,300000,ป้อมปราบศัตรูพ่าย
ถนนบำรุงเมือง,300000,300000,ป้อมปราบศัตรูพ่าย
ถนนมังกร,250000,280000,ป้อมปราบศัตรูพ่าย
ถนนไมตรีจิตร,280000,280000,ป้อมปราบศัตรูพ่าย
ถนนบริพัตร์,270000,270000,ป้อมปราบศัตรูพ่าย
ถนนเจ้าคำรพ,265000,265000,ป้อมปราบศัตรูพ่าย
ถนนนครสวรรค์,260000,260000,ป้อมปราบศัตรูพ่าย
ถนนหลานหลวง,260000,260000,ป้อมปราบศัตรูพ่าย
ถนนจักรพรรดิพงษ์,220000,250000,ป้อมปราบศัตรูพ่าย
ถนนมิตรพันธ์,250000,250000,ป้อมปราบศัตรูพ่าย
ถนนยุคล,200000,250000,ป้อมปราบศัตรูพ่าย
ถนนสันติภาพ,250000,250000,ป้อมปราบศัตรูพ่าย
ถนนโภคี,240000,240000,ป้อมปราบศัตรูพ่าย
ถนนอนันตนาค,240000,240000,ป้อมปราบศัตรูพ่าย
ถนนดำรงรักษ์,220000,230000,ป้อมปราบศัตรูพ่าย
ถนนดิสมาร์ค,220000,220000,ป้อมปราบศัตรูพ่าย
ถนนคลองถม,200000,200000,ป้อมปราบศัตรูพ่าย
ถนนราชดำเนินนอก,200000,200000,ป้อมปราบศัตรูพ่าย
ถนนเฉลิมเขต 1,190000,190000,ป้อมปราบศัตรูพ่าย
ถนน 22 กรกฎา,180000,180000,ป้อมปราบศัตรูพ่าย
ถนนกะออม,180000,180000,ป้อมปราบศัตรูพ่าย
ถนนขวัญ,180000,180000,ป้อมปราบศัตรูพ่าย
ถนนพะเนียง,180000,180000,ป้อมปราบศัตรูพ่าย
ถนนพันธ์จิตต์,170000,180000,ป้อมปราบศัตรูพ่าย
ถนนคลองถมวัดโสมนัส,170000,170000,ป้อมปราบศัตรูพ่าย
ถนนนาคราช,150000,170000,ป้อมปราบศัตรูพ่าย
ถนนภุชงค์,150000,150000,ป้อมปราบศัตรูพ่าย
ถนนเพลินจิต,380000,400000,ปทุมวัน
ถนนพระราม 4,330000,400000,ปทุมวัน
ถนนวิทยุ,350000,350000,ปทุมวัน
ถนนราชดำริ,350000,350000,ปทุมวัน
ถนนพระราม 1,320000,350000,ปทุมวัน
ถนนหลังสวน,330000,330000,ปทุมวัน
ถนนชิดลม,310000,310000,ปทุมวัน
ถนนอังรีดูนังต์,300000,300000,ปทุมวัน
ถนนรองเมือง,230000,280000,ปทุมวัน
ถนนสารสิน,260000,260000,ปทุมวัน
ถนนพระราม 6,260000,260000,ปทุมวัน
ถนนพญาไท,250000,250000,ปทุมวัน
ถนนเจริญเมือง,240000,240000,ปทุมวัน
ถนนจรัสเมือง,240000,240000,ปทุมวัน
ถนนเยาวราช,420000,550000,สัมพันธวงศ์
ถนนสำเพ็ง (ซอยวานิช),400000,500000,สัมพันธวงศ์
ถนนมังกร,320000,500000,สัมพันธวงศ์
ถนนราชวงศ์,400000,430000,สัมพันธวงศ์
ถนนอิสรานุภาพ,420000,420000,สัมพันธวงศ์
ถนนเจริญกรุง,340000,420000,สัมพันธวงศ์
ถนนจักรวรรดิ์,300000,400000,สัมพันธวงศ์
ถนนเยาวพานิช,380000,380000,สัมพันธวงศ์
ถนนมหาจักร,360000,360000,สัมพันธวงศ์
ถนนพระราม 4,340000,350000,สัมพันธวงศ์
ถนนแปลงนาม,350000,350000,สัมพันธวงศ์
ถนนอนุวงศ์,340000,340000,สัมพันธวงศ์
ถนนผดุงด้าว,340000,340000,สัมพันธวงศ์
ถนนเสริมสินค้า,320000,320000,สัมพันธวงศ์
ถนนเพาะพานิช,320000,320000,สัมพันธวงศ์
ถนนตรีมิตร,300000,320000,สัมพันธวงศ์
ถนนทรงวาด,250000,300000,สัมพันธวงศ์
ถนนข้าวหลาม,280000,280000,สัมพันธวงศ์
ถนนบริพัตร์,270000,270000,สัมพันธวงศ์
ถนนพาดสาย,260000,260000,สัมพันธวงศ์
ถนนอุภัยราชบำรุง (เจริญกรุง 20),200000,200000,สัมพันธวงศ์
ถนนลำพูนไชย,200000,200000,สัมพันธวงศ์
ถนนทรงสวัสดิ์,200000,200000,สัมพันธวงศ์
ถนนกลันตัน,200000,200000,สัมพันธวงศ์
ถนนโยธา,180000,180000,สัมพันธวงศ์
ถนนจักรเพชร,320000,350000,พระนคร
ถนนพาหุรัด,350000,350000,พระนคร
ถนนมหาไชย,140000,350000,พระนคร
ถนนไกรสีห์,340000,340000,พระนคร
ถนนพระสุเมรุ,220000,330000,พระนคร
ถนนข้าวสาร,320000,320000,พระนคร
ถนนจักรพงษ์,250000,320000,พระนคร
ถนนตานี,320000,320000,พระนคร
ถนนเจริญกรุง,300000,300000,พระนคร
ถนนตรีเพชร,300000,300000,พระนคร
ถนนตะนาว,250000,300000,พระนคร
ถนนบูรพา,300000,300000,พระนคร
ถนนบ้านหม้อ,260000,300000,พระนคร
ถนนมหาราช,250000,300000,พระนคร
ถนนราชดำเนินกลาง,300000,300000,พระนคร
ถนนรามบุตรี,30000,300000,พระนคร
ถนนสิบสามห้าง,300000,300000,พระนคร
ถนนบำรุงเมือง,260000,280000,พระนคร
ถนนดินสอ,220000,270000,พระนคร
ถนนตีทอง,260000,270000,พระนคร
ถนนเฟื่องนคร,260000,260000,พระนคร
ถนนภาณุรังษี,260000,260000,พระนคร
ถนนราชินี,170000,260000,พระนคร
ถนนสะพานพุทธ,260000,260000,พระนคร
ถนนอัษฎางค์,250000,260000,พระนคร
ถนนมหรรณพ,250000,250000,พระนคร
ถนนสามเสน,170000,230000,พระนคร
ถนนวิสุทธิกษัตริย์,180000,220000,พระนคร
ถนนอุณากรรณ,210000,210000,พระนคร
ถนนศิริพงษ์,210000,210000,พระนคร
ถนนประชาธิปไตย,180000,200000,พระนคร
ถนนราชดำเนินนอก,200000,200000,พระนคร
ถนนราชบพิธ,200000,200000,พระนคร
ถนนพระอาทิตย์,170000,180000,พระนคร
ถนนแพร่งสรรพศาสตร์,175000,175000,พระนคร
ถนนกัลยาณไมตรี,170000,170000,พระนคร
ถนนราชินี,170000,170000,พระนคร
ถนนเชตุพน,170000,170000,พระนคร
ถนนท้ายวัง,170000,170000,พระนคร
ถนนพระจันทร์,170000,170000,พระนคร
ถนนราชดำเนินใน,170000,170000,พระนคร
ถนนสนามไชย,170000,170000,พระนคร
ถนนสราญรมย์,170000,170000,พระนคร
ถนนหน้าพระธาตุ,170000,170000,พระนคร
ถนนหน้าพระลาน,170000,170000,พระนคร
ถนนหลักเมือง,170000,170000,พระนคร
ถนนเทศา,160000,160000,พระนคร
ถนนสำราญราษฎร์,140000,160000,พระนคร
ถนนกรุงเกษม,150000,150000,พระนคร
ถนนแพร่งนรา,150000,150000,พระนคร
ถนนแพร่งภูธร,150000,150000,พระนคร
ถนนลำภู,120000,120000,พระนคร
ถนนสามพระยา,110000,110000,พระนคร
ถนนหลานหลวง,260000,260000,ดุสิต
ถนนลูกหลวง,180000,210000,ดุสิต
ถนนสามเสน,200000,200000,ดุสิต
ถนนนครสวรรค์,200000,200000,ดุสิต
ถนนราชดำเนินนอก,180000,180000,ดุสิต
ถนนพิษณุโลก,160000,180000,ดุสิต
ถนนนครไชยศรี,150000,170000,ดุสิต
ถนนสุโขทัย,160000,160000,ดุสิต
ถนนราชสีมา,160000,160000,ดุสิต
ถนนราชวิถี,160000,160000,ดุสิต
ถนนอู่ทองนอก,150000,150000,ดุสิต
ถนนศรีอยุธยา,120000,150000,ดุสิต
ถนนอู่ทองใน,140000,140000,ดุสิต
ถนนอำนวยสงคราม,140000,140000,ดุสิต
ถนนสวรรคโลก,140000,140000,ดุสิต
ถนนลิขิต,140000,140000,ดุสิต
ถนนพิชัย,130000,140000,ดุสิต
ถนนพระรามที่ 5,120000,140000,ดุสิต
ถนนเทอดดำริ,140000,140000,ดุสิต
ถนนสุคันธาราม,120000,120000,ดุสิต
ถนนสังคโลก,120000,120000,ดุสิต
ถนนเศรษฐศิริ,120000,120000,ดุสิต
ถนนทหาร,120000,120000,ดุสิต
ถนนขาว,110000,110000,ดุสิต
ถนนกรุงเทพฯ-นนทบุรี,130000,160000,บางซื่อ
ถนนประชาราษฏร์ สาย1,70000,150000,บางซื่อ
ถนนประชาราษฎร์ สาย2,70000,160000,บางซื่อ
ถนนประชาชื่น,110000,140000,บางชื่อ
ถนนวงศ์สว่าง,120000,120000,บางซื่อ
ถนนรัชดาภิเษก,120000,120000,บางซื่อ
ถนนพิบูลสงคราม,90000,120000,บางซื่อ
ถนนเตชะวนิช,90000,120000,บางซื่อ
ถนนปูนซีเมนต์ไทย,75000,75000,บางซื่อ
ถนนเทอดดำริ,65000,70000,บางซื่อ
ถนนริมคลองประปาฝั่งขวา,51000,69000,บางซื่อ
ถนนรถไฟ,25000,40000,บางซื่อ
ถนนแจ้งวัฒนะ,100000,125000,หลักสี่
ถนนงามวงศ์วาน,120000,120000,หลักสี่
ถนนวิภาวดีรังสิต,100000,100000,"หลักสี่,ดอนเมือง"
ถนนพหลโยธิน,70000,70000,ดอนเมือง
ถนนสรงประภา,30000,55000,ดอนเมือง
ถนนกำแพงเพชร 6,45000,45000,"หลักสี่,ดอนเมือง"
ถนนเชิดวุฒากาศ,45000,45000,ดอนเมือง
ถนนเลียบคลองประปา,17000,38000,หลักสี่
ถนนช่างอากาศอุทิศ,24000,33000,ดอนเมือง
ถนนพระราม 2,12000,68000,"บางขุนเทียน,จอมทอง"
ถนนดาวคะนอง-จอมทอง,30000,65000,จอมทอง
ถนนเอกชัย,12000,60000,"จอมทอง,บางบอน"
ถนนวุฒากาศ,25000,50000,จอมทอง
ถนนบางขุนเทียน,25000,42000,บางขุนเทียน
ถนนบางบอน 1,20000,34000,บางบอน
ถนนบางบอน 3,4000,17000,บางบอน
ถนนบางบอน 4,5000,17000,บางบอน
ถนนบางบอน 5,6000,20000,บางบอน
ถนนพุทธบูชา,10000,35000,จอมทอง
ถนนเทียนทอง,17000,34000,บางขุนเทียน
ถนนกาญจนาภิเษก,8500,34000,"บางบอน,บางขุนเทียน"
ถนนยายร่ม,6000,30000,จอมทอง
ถนนอนามัยงามเจริญ,10000,28000,บางขุนเทียน
ถนนพระยามนธาตุราชศรีพิจิตต์,6000,25000,บางบอน
ถนนท่าข้าม,10000,35000,บางขุนเทียน
ถนนบางกระดี่,8000,20000,บางขุนเทียน
ถนนสะแกงาม,9500,21000,บางขุนเทียน
ถนนแสมดำ,6000,15000,บางขุนเทียน
ถนนหรรษาพัฒนา,6000,15000,บางขุนเทียน
ถนนสมเด็จพระนเรศวรมหาราช,4500,8000,บางบอน
ถนนสหกรณ์,1000,2500,บางขุนเทียน
ซอยสุขสวัสดิ์ 14,20000,40000,จอมทอง
ซอยกำนันแม้น,22000,30000,จอมทอง
ซอยจันทร์พริ้ง,15000,30000,จอมทอง
ซอยเลิศพัฒนาใต้,25000,30000,จอมทอง
ซอยเลิศพัฒนาเหนือ,20000,38000,จอมทอง
ซอยวัดเลา,15000,30000,บางขุนเทียน
ซอยเอกชัย 1,8000,30000,จอมทอง
ซอยเอกชัย 6,20000,20000,จอมทอง
ซอยเอกชัย 31,15000,20000,จอมทอง
ซอยเอกชัย 69 (วิชัยวิทยา),24000,30000,บางบอน
ซอยเทพนิมิตรเหนือ,15000,28000,บางบอน
ซอยพริ้มพยอม,20000,25000,จอมทอง
ซอยรัตนสุวรรณ,20000,25000,จอมทอง
ซอยกำนันแม้น 3,6000,20000,บางบอน
ซอยม่วงสกุล 1,12000,20000,บางขุนเทียน
ซอยวัดนินสุขาราม,12000,20000,บางบอน
ซอยพุทธบูชา 4,20000,20000,จอมทอง
ซอยพุทธบูชา 11,13000,18000,จอมทอง
ซอยพุทธบูชา 18,12000,16000,จอมทอง
ซอยวุฒากาศ 42 (วัดหนัง),15000,18000,จอมทอง
ซอยวุฒากาศ 47,22000,22000,จอมทอง
ซอยวัดบางบอน (เอกชัย 119),6500,15000,บางบอน
ซอยศักดิ์มงคลชัย,5000,15000,บางขุนเทียน
ซอยไชยยันต์บูรณ์,5000,12000,บางขุนเทียน
ซอยนำเจริญ,12000,12000,บางขุนเทียน
ซอยเพชรทองคำ,12000,12000,บางขุนเทียน
ซอยจุลพงษ์,4000,10000,บางขุนเทียน
ซอยพระราม 2 ซอย 7,42000,42000,จอมทอง
ซอยพระราม 2 ซอย 30,12000,18000,จอมทอง
ซอยพระราม 2 ซอย 39,25000,25000,จอมทอง
ซอยพระราม 2 ซอย 54,17000,30000,บางขุนเทียน
ซอยพระราม 2 ซอย 98,8000,10000,บางขุนเทียน
ซอยพระราม 2 ซอย 100,8000,12000,"บางขุนเทียน,บางบอน"
ซอยโรงเรียนบ้านนายเหรียญ,4000,10000,บางบอน
ซอยสมาคม,3500,8000,บางขุนเทียน
ซอยดอกรัก,7000,7000,บางขุนเทียน
ซอยจอมทอง 4 (เก็บผดุงทรัพย์),20000,20000,จอมทอง
ซอยแยกจากซอยเลิศพัฒนาใต้,20000,20000,จอมทอง
ถนนรามอินทรา,65000,95000,"บึงกุ่ม,คันนายาว"
ถนนนวมินทร์ (สุขาภิบาล 1),85000,85000,"บึงกุ่ม,คันนายาว"
ถนนรามคำแหง (สุขาภิบาล 3),60000,70000,สะพานสูง
ถนนเสรีไทย (สุขาภิบาล 2),50000,66500,"บึงกุ่ม,คันนายาว"
ถนนเกษตร-นวมินทร์,50000,50000,บึงกุ่ม
ถนนนวลจันทร์,45000,45000,บึงกุ่ม
ถนนคู้บอน,40000,45000,คันนายาว
ถนนโพธิ์แก้ว,34000,42000,บึงกุ่ม
ถนนราษฎร์พัฒนา,26000,40000,เขตสะพานสูง
ถนนกรุงเทพ-กรีฑา,15000,30000,สะพานสูง
ถนนสุขุมวิท,110000,350000,"พระโขนง,บางนา,คลองเตย,วัฒนา"
ถนนรัชดาภิเษก,170000,210000,คลองเตย
ถนนพระราม 4,170000,220000,คลองเตย
ถนนบางนา-ตราด,130000,130000,บางนา
ถนนศรีนครินทร์,80000,80000,บางนา
ถนนสรรพาวุธ,60000,60000,บางนา
ถนนทางรถไฟสายปากน้ำ,60000,80000,"คลองเตย,พระโขนง,บางนา"
ซอยสุขุมวิท 3 (นานาเหนือ),210000,210000,วัฒนา
ซอยสุขุมวิท 21 (อโศก),260000,260000,วัฒนา
ซอยสุขุมวิท 2,140000,140000,คลองเตย
ซอยสุขุมวิท 4,140000,140000,คลองเตย
ซอยสุขุมวิท 8,140000,140000,คลองเตย
ซอยสุขุมวิท 10,140000,140000,คลองเตย
ซอยสุขุมวิท 12,140000,140000,คลองเตย
ซอยสุขุมวิท 6,130000,130000,คลองเตย
ซอยสุขุมวิท 55 (ซอยทองหล่อ),200000,200000,วัฒนา
ซอยสุขุมวิท 71 (ซอยปรีดีพนมยงค์),150000,190000,วัฒนา
ซอยสุขุมวิท 5,130000,130000,วัฒนา
ซอยสุขุมวิท 7,130000,130000,วัฒนา
ซอยสุขุมวิท 9,110000,110000,วัฒนา
ซอยสุขุมวิท 11,140000,140000,วัฒนา
ซอยสุขุมวิท 13,140000,140000,วัฒนา
ซอยสุขุมวิท 15,140000,140000,วัฒนา
ซอยสุขุมวิท 17,130000,130000,วัฒนา
ซอยสุขุมวิท 19,140000,140000,วัฒนา
ซอยสุขุมวิท 1,140000,140000,วัฒนา
ซอยสุขุมวิท 103 (อุดมสุข),73000,130000,"พระโขนง,บางนา"
ซอยสุขุมวิท 16,110000,130000,คลองเตย
ซอยสุขุมวิท 20,110000,130000,คลองเตย
ซอยสุขุมวิท 18,110000,110000,คลองเตย
ซอยสุขุมวิท 22,130000,130000,คลองเตย
ซอยสุขุมวิท 24,130000,130000,คลองเตย
ซอยสุขุมวิท 23,100000,100000,วัฒนา
ซอยสุขุมวิท 25,100000,100000,วัฒนา
ซอยสุขุมวิท 27,110000,110000,วัฒนา
ซอยสุขุมวิท 29,110000,110000,วัฒนา
ซอยสุขุมวิท 31,100000,130000,วัฒนา
ซอยสุขุมวิท 33,130000,130000,วัฒนา
ซอยสุขุมวิท 35,120000,120000,วัฒนา
ซอยสุขุมวิท 39 (พร้อมพงษ์),130000,150000,วัฒนา
ซอยสุขุมวิท 41,120000,120000,วัฒนา
ซอยสุขุมวิท 43,120000,120000,วัฒนา
ซอยสุขุมวิท 45,120000,120000,วัฒนา
ซอยสุขุมวิท 47,120000,120000,วัฒนา
ซอยสุขุมวิท 49,77000,120000,วัฒนา
ซอยสุขุมวิท 51,120000,120000,วัฒนา
ซอยสุขุมวิท 53,120000,120000,วัฒนา
ซอยสุขุมวิท 77 (อ่อนนุช),130000,130000,วัฒนา
ซอยสุขุมวิท 63 (เอกมัย),140000,170000,วัฒนา
ซอยสุขุมวิท 26 (ซอยอารีย์),130000,130000,คลองเตย
ซอยสุขุมวิท 57,100000,100000,วัฒนา
ซอยสุขุมวิท 59,100000,100000,วัฒนา
ซอยสุขุมวิท 61,100000,100000,วัฒนา
ซอยสุขุมวิท 101/1 (ซอยวชิรธรรมสาธิต),30000,85000,พระโขนง
ซอยสุขุมวิท 28,30000,85000,คลองเตย
ซอยสุขุมวิท 30,100000,100000,คลองเตย
ซอยสุขุมวิท 32,100000,100000,คลองเตย
ซอยสุขุมวิท 34,75000,75000,คลองเตย
ซอยสุขุมวิท 36,100000,100000,คลองเตย
ซอยสุขุมวิท 38,100000,100000,คลองเตย
ซอยสุขุมวิท 40,100000,150000,คลองเตย
ซอยสุขุมวิท 42,100000,150000,คลองเตย
ซอยสุขุมวิท 48,70000,70000,คลองเตย
ซอยสุขุมวิท 65 (ชัยพฤกษ์),69000,77000,วัฒนา
ซอยสุขุมวิท 67,70000,70000,วัฒนา
ซอยสุขุมวิท 69,70000,70000,วัฒนา
ซอยสุขุมวิท 50 (ซอยเกษมสุวรรณ),65000,65000,คลองเตย
ซอยสุขุมวิท 62 (สามภพนฤมิตร),60000,60000,พระโขนง
ซอยสุขุมวิท 79,65000,65000,วัฒนา
ซอยสุขุมวิท 81,40000,40000,"วัฒนา,พระโขนง"
ซอยสุขุมวิท 83,40000,40000,พระโขนง
ซอยสุขุมวิท 85,40000,40000,พระโขนง
ซอยสุขุมวิท 87,40000,40000,พระโขนง
ซอยสุขุมวิท 89,40000,40000,พระโขนง
ซอยสุขุมวิท 91,40000,40000,พระโขนง
ซอยสุขุมวิท 97/1,40000,40000,พระโขนง
ซอยสุขุมวิท 93 (ซอยพึ่งมี),32000,60000,พระโขนง
ซอยสุขุมวิท 101 (ซอยปุณวิถี),30000,55000,พระโขนง
ซอยสุขุมวิท 95,60000,60000,พระโขนง
ซอยสุขุมวิท 95/1,60000,60000,พระโขนง
ซอยสุขุมวิท 107 (ซอยแบริ่ง),30000,30000,บางนา
ซอยสุขุมวิท 62/1,40000,40000,พระโขนง
ซอยสุขุมวิท 64,40000,40000,พระโขนง
ซอยสุขุมวิท 68,40000,40000,พระโขนง
ซอยสุขุมวิท 105 (ซอยลาซาล),42000,42000,บางนา
ซอยสุขุมวิท 52,40000,40000,"คลองเตย,พระโขนง"
ซอยสุขุมวิท 54,40000,40000,พระโขนง
ซอยสุขุมวิท 56,40000,40000,พระโขนง
ซอยสุขุมวิท 58,40000,40000,พระโขนง
ซอยสุขุมวิท 60,40000,40000,พระโขนง
ซอยสุขุมวิท 97,40000,40000,พระโขนง
ซอยประวิทย์และเพื่อน,35000,35000,พระโขนง
ซอยสามพี่น้อง (อ่อนนุช 44),27000,35000,พระโขนง
ถนนอ่อนนุช-ลาดกระบัง,7700,47000,ลาดกระบัง
ถนนหลวงแพ่ง,4700,26000,ลาดกระบัง
ถนนร่มเกล้า,10000,21000,ลาดกระบัง
ถนนเจ้าคุณทหาร,10000,21000,ลาดกระบัง
ถนนฉลองกรุง,5100,21000,ลาดกระบัง
ถนนกิ่งแก้ว,10000,17000,ลาดกระบัง
ถนนคุ้มเกล้า,3800,11000,ลาดกระบัง
ถนนเลียบคลองมอญ,3800,10000,ลาดกระบัง
ถนนประชาทร,5100,11000,ลาดกระบัง
ทางคู่ขนานมอเตอร์เวย์,2100,8500,ลาดกระบัง
ถนนประชาพัฒนา,1000,6800,ลาดกระบัง
ถนนพัฒนาชนบท 2,2600,6800,ลาดกระบัง
ถนนพัฒนาชนบท 3,2600,6800,ลาดกระบัง
ถนนพัฒนาชนบท 4,2600,6800,ลาดกระบัง
ถนนขุมทอง-ลำต้อยติ่ง (ร่วมพัฒนา),2100,6800,ลาดกระบัง
ถนนทับยาว,2400,6000,ลาดกระบัง
ถนนเข้าโรงเรียนขุมทอง (เพชรทองคำอุปถัมภ์),1700,2600,ลาดกระบัง
ซอยร่มเกล้า 2 (วัดบำรุงรื่น),11000,13000,ลาดกระบัง
ซอยเทเลคอม,8500,10000,ลาดกระบัง
ซอยร่มสุขคอนโดทาวน์,8500,10000,ลาดกระบัง
ซอยประกอบศรี,8500,10000,ลาดกระบัง
ซอยเทอดเกียรติกษัตริย์,10000,10000,ลาดกระบัง
ซอยรามาพัฒนา,9800,9800,ลาดกระบัง
ซอยวัดทิพพาวาส,4300,9400,ลาดกระบัง
ถนนเพชรเกษม,13000,120000,"หนองแขม,บางแค,ภาษีเจริญ"
ถนนพุทธมณฑลสาย 2,14500,55000,บางแค
ถนนกาญจนาภิเษก,14000,60000,บางแค
ถนนพุทธมณฑลสาย 1,16000,50000,ภาษีเจริญ
ถนนสุขาภิบาล 1,20000,43000,บางแค
ถนนบางแวก,8800,40000,"บางแค,ภาษีเจริญ"
ถนนกัลปพฤกษ์,10000,35000,"บางแค,ภาษีเจริญ"
ถนนราชพฤกษ์,18500,45000,ภาษีเจริญ
ถนนเลียบคลองทวีวัฒนา,6500,26000,หนองแขม
ถนนบางบอน 5,6000,22000,หนองแขม
ถนนเลียบคลองภาษีเจริญฝั่งเหนือ,7000,40000,หนองแขม
ถนนบางบอน 3,7000,22000,"บางแค,หนองแขม"
ถนนพุทธมณฑลสาย 3,5750,20000,"บางแค,หนองแขม"
ถนนเลียบคลองภาษีเจริญฝั่งใต้,5350,19000,หนองแขม
ถนนหนองแขม-วัดศรีนวล,4600,16000,หนองแขม
ถนนบางบอน 4,5200,17000,หนองแขม
ถนนนครลุง,6600,17000,บางแค
ถนนเทอดไท,11000,40000,ภาษีเจริญ
ถนนพัฒนาการ,17500,38000,ภาษีเจริญ
ซอยกำนันแม้น,13000,30000,ภาษีเจริญ
ซอยเพชรเกษม 48,17000,45000,ภาษีเจริญ
ซอย 200 ปี,18000,18000,ภาษีเจริญ
ซอยเข้าวัดบุญยประดิษฐ์,15000,15000,บางแค
ซอยเจริญสุข,20000,20000,ภาษีเจริญ
ซอยเจิมจิตต์,12000,12000,บางแค
ซอยเทวินทร์,10000,10000,บางแค
ซอยเพชรเกษม 102,26000,26000,บางแค
ซอยเพชรเกษม 102/4,17000,17000,บางแค
ซอยเพชรเกษม 108,22000,22000,หนองแขม
ซอยเพชรเกษม 110,17000,26000,หนองแขม
ซอยเพชรเกษม 112,22000,26000,หนองแขม
ซอยเพชรเกษม 114,30000,30000,หนองแขม
ซอยเพชรเกษม 116,19000,19000,หนองแขม
ซอยเพชรเกษม 116/1,28000,32000,หนองแขม
ซอยเพชรเกษม 116/2,28000,32000,หนองแขม
ซอยเพชรเกษม 116/3,28000,32000,หนองแขม
ซอยเพชรเกษม 116/4,28000,32000,หนองแขม
ซอยเพชรเกษม 116/5,28000,32000,หนองแขม
ซอยเพชรเกษม 19,26000,26000,ภาษีเจริญ
ซอยเพชรเกษม 20,26000,30000,ภาษีเจริญ
ซอยเพชรเกษม 22/1,26000,26000,ภาษีเจริญ
ซอยเพชรเกษม 24,26000,28000,ภาษีเจริญ
ซอยเพชรเกษม 27,34000,34000,ภาษีเจริญ
ซอยเพชรเกษม 28,26000,34000,ภาษีเจริญ
ซอยเพชรเกษม 30,30000,30000,ภาษีเจริญ
ซอยเพชรเกษม 32,30000,30000,ภาษีเจริญ
ซอยเพชรเกษม 38,30000,34000,ภาษีเจริญ
ซอยเพชรเกษม 40,30000,334000,ภาษีเจริญ
ซอยเพชรเกษม 42,26000,34000,ภาษีเจริญ
ซอยเพชรเกษม 44,30000,35000,ภาษีเจริญ
ซอยเพชรเกษม 46,38000,45000,ภาษีเจริญ
ซอยเพชรเกษม 64,26000,26000,บางแค
ซอยเพชรเกษม 66,21000,21000,บางแค
ซอยเพชรเกษม 67,24000,24000,บางแค
ซอยเพชรเกษม 67/1,21000,21000,บางแค
ซอยเพชรเกษม 69/2,21000,21000,บางแค
ซอยเพชรเกษม 68,13000,13000,บางแค
ซอยเพชรเกษม 69,24000,24000,บางแค
ซอยเพชรเกษม 69/1,21000,21000,บางแค
ซอยเพชรเกษม 73,20000,20000,หนองแขม
ซอยเพชรเกษม 77-1,20000,20000,หนองแขม
ซอยเพชรเกษม 81/1,23000,23000,หนองแขม
ซอยเพชรเกษม 81/2,23000,23000,หนองแขม
ซอยเพชรเกษม 81/3,23000,23000,หนองแขม
ซอยเพชรเกษม 81/4,23000,23000,หนองแขม
ซอยเพชรเกษม 81/6,23000,23000,หนองแขม
ซอยเพชรเกษม 110/3,26000,26000,หนองแขม
ซอยเพชรเกษม 33/6,40000,40000,ภาษีเจริญ
ซอยเพชรเกษม 33/8,38000,38000,ภาษีเจริญ
ซอยเพชรเกษม 35,30000,30000,ภาษีเจริญ
ซอยเพชรเกษม 37,30000,30000,ภาษีเจริญ
ซอยเพชรเกษม 39,30000,30000,ภาษีเจริญ
ซอยเพชรเกษม 39/3,40000,40000,บางแค
ซอยเพชรเกษม 49/1,21000,21000,บางแค
ซอยเพชรเกษม 51,21000,21000,บางแค
ซอยเพชรเกษม 50/3,30000,30000,ภาษีเจริญ
ซอยเพชรเกษม 52,38000,38000,ภาษีเจริญ
ซอยเพชรเกษม 53,26000,26000,บางแค
ซอยเพชรเกษม 55,26000,26000,บางแค
ซอยเพชรเกษม 55/3,26000,26000,บางแค
ซอยเพชรเกษม 88/1,26000,26000,บางแค
ซอยเพชรเกษม 90,26000,26000,บางแค
ซอยเพชรเกษม 92,26000,26000,บางแค
ซอยเพชรเกษม 54,43000,43000,ภาษีเจริญ
ซอยเพชรเกษม 56,38000,38000,ภาษีเจริญ
ซอยเพชรเกษม 57,24000,24000,บางแค
ซอยเพชรเกษม 59,24000,24000,บางแค
ซอยเพชรเกษม 61,24000,24000,บางแค
ซอยเพชรเกษม 58,27000,35000,ภาษีเจริญ
ซอยเพชรเกษม 62/3,34000,34000,บางแค
ซอยเพชรเกษม 63 (วัดม่วง),11000,26000,บางแค
ซอยเพชรเกษม 63/1,24000,24000,บางแค
ซอยเพชรเกษม 63/3,26000,26000,บางแค
ซอยเพชรเกษม 63/4,26000,26000,บางแค
ซอยเพชรเกษม 65,24000,24000,บางแค
ซอยเพชรเกษม 77,15000,15000,หนองแขม
ซอยเพชรเกษม 77/4,26000,26000,หนองแขม
ซอยเพชรเกษม 75,26000,26000,หนองแขม
ซอยเพชรเกษม 77/3,24000,24000,หนองแขม
ซอยเพชรเกษม 77/5,24000,24000,หนองแขม
ซอยเพชรเกษม 79,14000,27000,หนองแขม
ซอยเพชรเกษม 84,30000,30000,บางแค
ซอยเพชรเกษม 88,30000,30000,บางแค
ซอยเพิ่มสุข,25000,25000,ภาษีเจริญ
ซอยเมนะโพธิ์,12000,12000,หนองแขม
ซอยเรืองอนันต์แยก 10,26000,26000,บางแค
ซอยเศรษฐี,21000,24000,บางแค
ซอยแย้มผกา,8000,8000,หนองแขม
ซอยโชคดี,17000,21000,บางแค
ซอยโรงเรียนวัดพรหมสุวรรณสามัคคี,12000,12000,บางแค
ซอยโรงเรียนวัดพิกุล,20000,20000,ภาษีเจริญ
ซอยไทรงาม,17000,17000,บางแค
ซอยกล่อมใจ,12000,12000,หนองแขม
ซอยก้าวหน้า 1,25000,25000,ภาษีเจริญ
ซอยก้าวหน้า 2,25000,25000,ภาษีเจริญ
ซอยกำนันเฉลิม,12000,12000,หนองแขม
ซอยกำนันเหรียญ,15000,15000,หนองแขม
ซอยกำนันเล็ก,13000,13000,หนองแขม
ซอยข้างวัดศาลาแดง,14000,14000,บางแค
ซอยขุนขจร,12000,12000,หนองแขม
ซอยขุนพรหมสุภา,14000,14000,บางแค
ซอยจินดาเวช,12000,12000,หนองแขม
ซอยชัยพาณิชย์,20000,20000,ภาษีเจริญ
ซอยถนอมจิต,30000,30000,บางแค
ซอยทองเต็ม 1,17000,17000,บางแค
ซอยทองเต็ม 2,17000,17000,บางแค
ซอยทองเต็ม 3,17000,17000,บางแค
ซอยทองพูน 1,15000,17000,บางแค
ซอยทองพูน 3,20000,20000,บางแค
ซอยวัดโตนด,20000,20000,ภาษีเจริญ
ซอยท่าพระคอมเพล็กซ์,18000,30000,ภาษีเจริญ
ซอยทิพย์กมล,24000,24000,บางแค
ซอยนาคเพชรภู,15000,15000,บางแค
ซอยนาคสถาพร 1,17000,17000,หนองแขม
ซอยบุญมี,27000,27000,บางแค
ซอยพาณิชยการธนบุรี,24000,24000,ภาษีเจริญ
ซอยพูนบำเพ็ญ,20000,20000,ภาษีเจริญ
ซอยยิ้มประยูร,26000,26000,บางแค
ซอยร่มโพธิ์ 19,5000,5000,บางแค
ซอยร่มไทร,15000,15000,บางแค
ซอยร่วมจิตต์,14000,14000,บางแค
ซอยวัดกำแพง,26000,26000,ภาษีเจริญ
ซอยวัดมะพร้าวเตี้ย,20000,20000,ภาษีเจริญ
ซอยวัดวงษ์ลาภาราม,13000,13000,หนองแขม
ซอยวัดศาลาแดง,23000,23000,บางแค
ซอยวัดอัปสรสวรรค์,12000,12000,ภาษีเจริญ
ซอยสมสมาน,20000,20000,ภาษีเจริญ
ซอยสวัสดิการ 1,11000,11000,หนองแขม
ซอยสองคุณจ่า,24000,24000,บางแค
ซอยสืบสุข 2,20000,20000,ภาษีเจริญ
ซอยสุขประเสริฐ,13000,13000,บางแค
ซอยสุขสบาย,10000,10000,หนองแขม
ซอยสุนทร 4,17000,17000,หนองแขม
ซอยหรรษา,15000,15000,หนองแขม
ซอยหล่อพระ,24000,24000,บางแค
ซอยอินทาปัจ 9,15000,15000,บางแค
ซอยอินทาปัจ 11,15000,15000,บางแค
ซอยอินทาปัจ 15,15000,15000,บางแค
ซอยอินทาปัจ 13,15000,17000,บางแค
ซอยอุดมทรัพย์,19000,20000,บางแค
ถนนพหลโยธิน,70000,120000,สายไหม
ถนนประดิษฐ์มณูธรรม,70000,70000,"ห้วยขวาง,วังทองหลาง,ลาดพร้าว,บางเขน"
ถนนรามอินทรา,60000,60000,บางเขน
ถนนลาดปลาเค้า,50000,50000,"ลาดพร้าว,บางเขน"
ซอยวัชรพล,30000,50000,บางเขน
ซอยอยู่เย็น,35000,35000,บางเขน
ถนนร่วมมิตรพัฒนา,33000,33000,บางเขน
ถนนสายไหม,30000,30000,สายไหม
ถนนสุขาภิบาล 5,25000,30000,บางเขน
ถนนเพิ่มสิน-ออเงิน,22000,22000,สายไหม
ซอยจตุโชติ,8000,13000,สายไหม
ถนนเลียบคลองสอง,9000,10000,คลองสามวา
ถนนเพชรบุรี จากแยกยมราชถึงแยกราชเทวี,76000,170000,ราชเทวี
ถนนเพชรบุรี จากแยกยมราชถึงถนนราชปรารภ,140000,250000,ราชเทวี
ถนนเพชรบุรี จากถนนราชปรารภถึงแยกอโศก-ดินแดง,100000,240000,ราชเทวี
ถนนรัชดาภิจากแยกพระราม9ถึงแยกห้วยขวาง,100000,250000,"ดินแดง,ห้วยขวาง"
ถนนรัชดาภิเษกจากแยกห้วยขวางถึงสุดเขต,120000,250000,"ดินแดง,ห้วยขวาง"
ถนนราชวิถี,85000,250000,ราชเทวี
ถนนพหลโยธินจากอนุสาวรีย์ถึงแยกสะพานควาย,50000,250000,พญาไท
แยกสะพานควายถึงสุดเขตพญาไท,65000,250000,พญาไท
ถนนราชปรารถ,190000,240000,ราชเทวี
ถนนรางน้ำ,100000,220000,ราชเทวี
ถนนเพชรบุรีตัดใหม่,100000,220000,ห้วยขวาง
แยกพระราม9-ถนนเชื่อมเทียมร่วมมิตร,150000,220000,ห้วยขวาง
จากถนนเชื่อมเทียมร่วมมิตรถึงสุดเขตห้วยขวาง,25000,200000,ห้วยขวาง
ถนนดินแดง,50000,200000,ดินแดง
ถนนชิดลม,170000,190000,ราชเทวี
ถนนศรีอยุธยา,100000,190000,ราชเทวี
ถนนพญาไท,85000,190000,ราชเทวี
ถนนประดิพัทธ์,80000,180000,พญาไท
ถนนวิภาวดีรังสิต แยกดินแดงถึงแยกสุทธิสาร,50000,180000,พญาไท
ถนนวิภาวดีรังสิต แยกสุทธิสารถึงสุดเขต,76000,160000,พญาไท
ถนนบรรทัดทอง,150000,150000,"ราชเทวี,ปทุมวัน"
ถนนอโศก-ดินแดง,100000,150000,อโศก-ดินแดง
ถนนพระราม 6,75000,150000,"พญาไท,ราชเทวี"
ถนนสุทธิสารวินิจฉัยแยกสะพานควายถึงแยกสุทธิสาร,72000,150000,พญาไท
ถนนสุทธิสารวินิจฉัยแยกสุทธิสารถึงแยกรัชดา,70000,130000,ดินแดง
ถนนสุทธิสารวินิจฉัยแยกรัชดาถึงสุดเขต,50000,100000,ห้วยขวาง
ถนนลาดพร้าว,85000,120000,ห้วยขวาง
ถนนประราษฎร์บำเพ็ญ,85000,100000,"ดินแดง,ห้วยขวาง"
ถนนประชาสงเคราะห์,50000,100000,ดินแดง
ซอยพญานาค,68000,85000,ราชเทวี
ถนนเทียมร่วมมิตร,35000,70000,ห้วยขวาง
ถนนประชาอุทิศ,35000,68000,ทุ่งครุ
ถนนประดิษฐ์มนูธรรม,40000,45000,ห้วยขวาง
ถนนลาดหญ้า,68000,150000,คลองสาน
ถนนเจริญนคร,50000,130000,"คลองสาน,ธนบุรี"
ถนนประชาธิปก,34000,130000,ธนบุรี
ถนนสมเด็จพระเจ้าตากสิน,50000,130000,ธนบุรี
ถนนอินทรพิทักษ์,43000,130000,ธนบุรี
ถนนเจริญรัถ,55000,110000,คลองสาน
ถนนรัชดาภิเษก,34000,110000,"ธนบุรี,บางกอกใหญ่"
ถนนกรุงธนบุรี,38000,100000,คลองสาน
ถนนท่าดินแดง,60000,100000,คลองสาน
ถนนสุขสวัสดิ์,34000,100000,ราษฎร์บูรณะ
ถนนอิสรภาพ,26000,100000,"บางกอกใหญ่,ธนบุรี,คลองสาน"
ถนนเพชรเกษม,30000,85000,บางกอกใหญ่
ถนนสมเด็จเจ้าพระยา,60000,85000,คลองสาน
ถนนประชาอุทิศ,8500,77000,ทุ่งครุ
ถนนพญาไม้,50000,77000,คลองสาน
ถนนราษฏร์บูรณะ,25000,68000,ราษฎร์บูรณะ
ถนนเชียงใหม่,30000,51000,คลองสาน
ถนนวุฒากาศ,34000,51000,ธนบุรี
ถนนอรุณอัมรินทร์,38000,51000,"ธนบุรี,บางกอกใหญ่"
ถนนตากสิน-เพชรเกษม,20000,77000,ภาษีเจริญ
ถนนสุขาภิบาลสาย 1,26000,43000,ธนบุรี
ถนนสุขาภิบาลสาย 2,26000,43000,ธนบุรี
ถนนสุขาภิบาลสาย 3,26000,43000,ธนบุรี
ถนนพุทธบูชา,13000,43000,ทุ่งครุ
ถนนวังเดิม,21000,43000,บางกอกใหญ่
ซอยครุใน,14000,30000,ทุ่งครุ
ถนนรามคำแหง,51000,140000,บางกะปิ
ถนนลาดพร้าว,38000,100000,"วังทองหลาง,บางกะปิ"
ถนนศรีนครินทร์,36000,85000,บางกะปิ
ถนนนวมินทร์ (สุขาภิบาล 1),34000,85000,บางกะปิ
ถนนเสรีไทย (สุขาภิบาล 2),34000,68000,บางกะปิ
ถนนพระราม 9,75000,95000,บางกะปิ
ถนนโยธินพัฒนา,12000,25000,บางกะปิ
ถนนแฮปปี้แลนด์ สาย1,30000,50000,บางกะปิ
ถนนแฮปปี้แลนด์ สาย2,34000,40000,บางกะปิ
ถนนกรุงเทพกรีฑา,10000,47000,บางกะปิ
ถนนศรีวรา,34000,43000,วังทองหลาง
ถนนสังคมสงเคราะห์เหนือ (ลาดพร้าว71),21000,34000,วังทองหลาง
ถนนประชาอุทิศ,18000,43000,วังทองหลาง
ถนนพหลโยธิน,120000,120000,บางเขน
ถนนแจ้งวัฒนะ,100000,100000,บางเขน
ถนนเลียบวงแหวนรอบนอก,8500,8500,บางเขน
ถนนศรีนครินทร์,140000,140000,"ประเวศ,สวนหลวง"
ถนนพัฒนาการ,85000,140000,"ประเวศ,สวนหลวง"
ถนนอ่อนนุช,45000,100000,"ประเวศ,สวนหลวง"
ถนนพระราม 9,80000,80000,สวนหลวง
ถนนสุขุมวิท 103 (อุดมสุข),80000,80000,ประเวศ
ถนนเฉลิมพระเกียรติ ร.9,20000,60000,ประเวศ
ถนนรามคำแหง 2,25000,40000,ประเวศ
ถนนสุขาภิบาล 2,25000,25000,ประเวศ
ถนนสีหบุรานุกิจ,6800,100000,มีนบุรี
ถนนรามอินทรา,8000,55000,มีนบุรี
ถนนสุวินทวงศ์,3000,55000,มีนบุรี
ถนนเสรีไทย (สุขาภิบาล 2),7500,47000,มีนบุรี
ถนนรามคำแหง (สุขาภิบาล 3),3400,43000,มีนบุรี
ถนนร่มเกล้า,4300,30000,มีนบุรี
ถนนนิมิตรใหม่,2100,30000,มีนบุรี
ถนนหทัยราษฏร์,1700,26000,มีนบุรี
ถนนสามวา,3400,26000,มีนบุรี
ซอยเจริญพัฒนา,2600,21000,มีนบุรี
ถนนราษฎร์อุทิศ,1900,17000,มีนบุรี
ถนนประชาร่วมใจ,2100,14000,มีนบุรี
ถนนคุ้มเกล้า,2600,10000,มีนบุรี
ถนนแบนชะโด,550,8500,คลองสามวา
ถนนเข้าวัดแป้นทอง,1500,8500,คลองสามวา
ถนนไมตรีจิต,1100,8500,คลองสามวา
ถนนไทยรามัญ,1500,7700,คลองสามวา
เสนานิคม 1,50000,71500,ลาดพร้าว
ถนนโชคชัย 4,64500,64500,ลาดพร้าว
ซอยนาคนิวาส,50000,62000,ลาดพร้าว
ซอยสตรีวิทยา 2,45000,57000,ลาดพร้าว
ซอยสังคมสงเคราะห์,38000,50000,ลาดพร้าว
ซอยสุคนธสวัสดิ์,50000,70000,ลาดพร้าว
ถนนมัยลาภ(ซอยรามอินทรา 14),35000,35000,ลาดพร้าว
ถนนบุรีภิรมย์,6500,21000,หนองจอก
ถนนฉลองกรุง,3000,17000,หนองจอก
ถนนเชื่อมสัมพันธ์,2600,17000,หนองจอก
ถนนสุวินทวงศ์,1700,15000,หนองจอก
ถนนเลียบวารี,2100,15000,หนองจอก
ถนนสังฆประชา,1700,10000,หนองจอก
ถนนมิตรไมตรี,850,10000,หนองจอก
ถนนสกุลดี,2100,8500,หนองจอก
ถนนสังฆสันติสุข,850,8500,หนองจอก
ถนนผดุงพันธ์,850,8500,หนองจอก
ถนนประชาสำราญ,1300,7700,หนองจอก
ถนนธรรมรัฐ,3400,6800,หนองจอก
ถนนอยู่วิทยา,1300,6400,หนองจอก
ถนนธำรงวินิจฉัย-ปุษยไพบูลย์,2100,5500,หนองจอก
ถนนคู้-คลองสิบ,850,5500,หนองจอก
ถนนลำอีรั้ว,1700,5100,หนองจอก
ถนนร่วมพัฒนา,1500,5100,หนองจอก
ถนนลำไทร,1700,4700,หนองจอก
ถนนเลียบคลองสิบสาม,850,4300,หนองจอก
ถนนคลองสิบ-คลองสิบสี่,850,4300,หนองจอก
ถนนคลองเก้า,850,3800,หนองจอก
ถนนนิลเหมนิยม,850,3400,หนองจอก
ถนนวัดใหม่เจริญราษฎร์,1700,2100,หนองจอก
